id,name,x86_64-linux,aarch64-linux,aarch64-darwin
_86box,,,322263375
ac-library,,322263423,
acl2-minimal,,322263463,
akkoma-admin-fe,,,323311719
alan_2,322265341,322265340,
aligator,,324400586,
amiberry,322265734,322265733,
anki-sync-server,,322265940,
apacheHttpdPackages.mod_tile,324130678,324130669,
apacheHttpdPackages_2_4.mod_tile,324130679,324130670,
apftool-rs,,322266478,
apngasm,322266552,322266551,
applgrid,,323101145,
ardopc,323311753,323311749,
armTrustedFirmwareTools,,,324053346
armitage,,322267024,
asha-pipewire-sink,322267255,322267254,
ath9k-htc-blobless-firmware-unstable,322267867,322267866,
ath9k-htc-blobless-firmware,322267868,322267864,
atlauncher,,323311782,
av1an-unwrapped,322268283,322268282,322268284
avy,322268361,322268360,
aw-notify,,,322268364
azure-cli-extensions.acrcssc,322540951,322540965,322540952
azure-cli-extensions.aksarc,322268683,322268676,322268690
azure-cli-extensions.alias,322268687,322268685,322268684
azure-cli-extensions.aosm,322540956,322540964,322540955
azure-cli-extensions.arcappliance,322268821,322268715,322268739
azure-cli-extensions.arcdata,322268718,322268717,322268716
azure-cli-extensions.attestation,322268735,322268733,322268734
azure-cli-extensions.cloud-service,322268814,322268807,322268886
azure-cli-extensions.connectedk8s,322540968,322540973,322540963
azure-cli-extensions.containerapp,322268826,322268822,322268835
azure-cli-extensions.interactive,322269024,322269021,322269020
azure-cli-extensions.k8s-configuration,322269035,322269034,322269037
azure-cli-extensions.k8s-extension,322540959,322540961,322540958
azure-cli-extensions.serial-console,322269242,322269240,322269241
azure-cli-extensions.webpubsub,322269359,322269357,322269356
azure-sdk-for-cpp.security-attestation,322269440,322269436,
balatro-mod-manager,,324101879,
ballerburg,,,322269654
barrage,322269738,322269737,
beam27Packages.rebar3,,324101949,
beanstalkd,322270712,322270711,
bencode,324092271,,
bepasty,322271035,322271012,322271018
ber_metaocaml,322270860,,
bibtool,322270998,322270996,
bigloo,322271030,322271026,
biglybt,,,322271032
bio-gappa,322271157,322271156,
bip,322271176,322271175,
birdfont,324102011,324102010,
bitlbee-steam,322271265,322271264,
blender,,323921345,
blobtools,,,322271486
blockstream-electrs,324130718,,
bodyclose,322271673,322271675,322271671
bombono,323016856,323016855,
bootdev-cli,322830021,,
bootil,,,322271866
borgmatic,324416838,,
boxfs,322272002,322272000,
brickstore,322272112,322272117,
bristol,322272133,,
brlcad,322272136,,
build2-bootstrap,,,322272429
bupc,322272683,322272681,
c64-debugger,322272855,322272853,
cadabra2,322272902,322272906,
caddy,,,323311814
caffe,322272953,322272949,322272948
cairo-lang,322272972,322272967,322272968
candle,,,322273113
caprice32,322273177,322273174,
cardpeek,322273245,322273236,
cargo-dephell,322273408,322273406,
cargo-raze,322273632,322273629,322273627
cargo-risczero,,,322273644
cargo-ui,,,322273737
carps-cups,,,322273821
cataclysm-dda-git,,,323064967
cataclysm-dda,,,323064960
catboost,322273912,322273910,322273926
cbconvert-gui,322274051,322274048,
cbconvert,322274049,322274047,
cbmbasic,322274069,322274067,
cdb,322274204,322274203,322274210
cdparanoia,,,322274280
cdparanoiaIII,,,322274281
cegui,,,322274315
cernlib,322274391,322274383,
cfspeedtest,,,324102069
cfv,,,322274514
cgui,322274580,322274573,
chelf,,,322274766
chickenPackages_5.chickenEggs.fuse,322275515,322275508,
chickenPackages_5.chickenEggs.isaac,322275725,322275729,
chickenPackages_5.chickenEggs.mdh,322275929,322275923,
chickenPackages_5.chickenEggs.xlib,322277223,322277222,
chiptrack,322274912,322274911,
chrony,,,323097318
ciao,322277403,322277401,
ciftilib,322277421,322277420,
clboss,323043358,323043356,323043366
clean,322277731,,
clfft,,,322277777
clightning,,,322277844
clipcat,,,323050958
clipit,322277886,322277874,
cmtk,322278238,322278237,322278234
coan,322278286,322278285,
colobot,322278718,322278721,
coloquinte,322278720,322278719,
color-transformation-language,,,322278734
comaps,322278799,322278797,
compactor,323047116,323047119,
connectome-workbench,322279081,322279080,
construo,,,322279136
construoBase,,,322279140
contour,,,323097341
copacetic,,,323863146
coredns,323844205,,323844204
corretto11,323101288,323101285,
corrscope,322279848,322279842,322279846
cp437,,,322280032
cpp-ipfs-http-client,322280064,,
creduce,322280295,322280313,
csmith,,,322280594
cuneiform,322280817,322280815,
cups-dymo,,,322280846
d-seams,322281147,,
darwin.sigtool,322281396,322281394,
dasher,,,322281429
dataexplorer,323836036,,
db-rest,,,322281552
dblab,,,322281613
dc3dd,322281666,322281665,
deadpixi-sam-unstable,,,322281807
debase,322281815,322281814,
decker,,,322281855
defuddle-cli,322281913,322281911,322281909
degate,,,323017010
deluged,,,322282014
denemo,324149868,324149869,
deskew,,,323038355
dexed,,,322282212
dfl-ipc,322282230,322282233,
dfl-utils,322282236,322282235,
diamond,,,322282376
dico,,,322282380
dictu,322282438,322282439,
digital,,,322282535
dillo-plus,322282556,322282555,322282554
dino,,,323836068
directx-shader-compiler,,,322282632
direvent,,,322282638
direwolf,,,323311899
disk_indicator,322282707,322282706,
djgpp,322282838,322282836,322282835
djgpp_i586,322282842,322282841,322282839
djgpp_i686,322282852,322282843,322282846
djmount,322282853,322282851,
dl-librescore,322282896,322282894,322282892
dleyna,,,322282898
dmd,322282932,,
dmitry,322282954,322282953,
dmtcp,322282968,,
dnadd,,,322282980
dnslink-std-go,,,322283040
dockapps.wmsm-app,,,322283216
docstrfmt,322283343,322283340,322283338
documenso,324367303,324367299,
domino-chain,323065029,323065026,
domoticz,322283442,322283445,
dopewars,322283491,322283488,
dosbox,,,322283524
dotenvx,322283577,322283570,322283571
dovecot,,,322830090
dragmap,322284250,,
drat,,,322284255
driftnet,,,322284300
dt,,,322284426
dwmblocks,322284746,322284745,
ebpf-verifier,322284947,322284943,
ec,,,322284954
ecasound,322284975,322284973,
ecl_16_1_2,322285006,322285001,
ecos,322285148,322285146,
edencommon,323975669,,
eflite,322285283,322285280,
eggdrop,322285312,322285310,
egoboo,,,322285323
eigenmath,322285353,322285352,
eiskaltdcpp,322285367,322285368,
ela-widget-tools,,,322285405
electricsheep,324102229,324102245,
electrs,,,322285475
electrum,,323996657,
elektroid,322285491,322285490,
emboss,322285804,322285803,
emiluaPlugins.tdlib,322285839,322285837,
emmy-lua-code-style,322285862,322285858,
envoluntary,,323051015,323051011
epgstation,,,322286175
equalx,,,322286242
eresi,322286265,322286262,
es,322286345,322286342,
eta,322286429,322286426,
ete-unwrapped,,322286447,322286450
etlegacy-unwrapped,,,322286486
eukleides,322286504,322286502,
exatorrent,,,322286632
excalidraw_export,322286641,322286636,322286635
exhaustive,322286679,322286677,322286676
explain,322286748,,
expliot,322541036,322541037,
fastcap,324149911,324149914,
fasthenry,322287185,,
fatcat,,,322287231
fauna-shell,322287253,322287250,322287251
fbpanel,322287361,322287355,
fbv,,,322287347
fceux-qt6,322287378,322287365,
fcron,,,323325482
fdtools,322287483,322287481,
fedimint,322287505,322287506,
fetchtastic,,,323051022
ffmpeg-livepeer,322287704,322287701,322287700
ffmpeg_4,,,322287709
ffmpeg_6-full,,,322287725
filebench,322287892,322287891,
filen-cli,,,322287913
filen-desktop,,,323065077
fileshelter,322287937,,
firewalk,323325495,323325496,
flatcc,322288498,322288497,322288495
flex-launcher,,,322288558
flow-control,,,323101395
fluent-bit,,,322288708
flycast,322288843,322288842,
fmt_10,,,322288893
fmt_9,,,322288905
foonathan-memory,,,322289147
fortitude,,,322289230
fosrl-newt,,,323844238
foxotron,322289308,322289306,
frawk,322289392,322289389,322289390
freeorion,322289469,322289468,
freepv,,,322289476
fsv,322289737,322289736,
fteqw,323065119,323065112,
funnelweb,322289815,322289814,
fwts,322289909,322289908,
g15daemon,,,322289961
galculator,322290004,322290003,
gaphor,324000923,324000921,
garble,322290161,322290162,
gaw,322290293,322290286,
gbdfed,322290385,322290392,
gcal,322290394,322290396,
gccNGPackages_15.gcc-unwrapped,,,322290457
gccNGPackages_15.libquadmath,322290511,,
gdb,,,322290625
gdbHostCpuOnly,,,322290626
geda,322290726,322290724,
gen6dns,322290810,322290808,
getxbook,,,322291056
ggz_base_libs,322291148,322291145,
ghdl-gcc,322291277,,
ghidra-extensions.gnudisassembler,322291333,322291328,322291327
giac-with-xcas,324149961,,
gimme-aws-creds,322291488,322291487,322291483
git-chain,,,322291679
git-instafix,322291841,322291843,
git-jump,322291855,322291860,322291852
git-mit,322291885,322291869,322291871
git-together,,,322292055
gitbeaker-cli,,323295711,
gitlab-duo,324102424,324102418,
gitlab-elasticsearch-indexer,,,323110003
glances,,323051072,
glpaper,322292659,322292658,
gluesql,322292696,322292699,322292697
gmu,322292783,322292775,322292778
gnat15Packages.gnatprove,,322972568,
gnome-desktop,,,322293084
gnss-sdr,323312103,323312101,
gnubg,322293356,322293355,
gnudatalanguage,,324102461,
gnuradioPackages.fosphor,322295427,322295420,
golden-cheetah,,,322296261
google-amber,322296408,322296407,
gopher,322296495,322296494,
gophernotes,322296504,322296503,322296500
gossip,322296636,322296631,322296637
goxlr-utility,,,323845285
gplates,324130867,324130868,
gpsprune,323089485,323089483,323089486
gpt4all,322296922,322296921,
gputils,322296954,322296953,
gpx,322296962,322296961,322296957
gqrx-gr-audio,,,323312183
gradm,,322297070,
grafx2,,,322297268
graphia,322297319,,
greed,322297495,322297494,
greenbone-feed-sync,,,324054922
gridtracker2,,,323051092
grip-search,322297594,322297592,322297591
grive2,322297604,322297600,
groestlcoind,322297626,322297624,322297623
gromacsPlumed,322297655,322297654,
gst123,322297863,322297857,
gtkgnutella,322298009,322298010,
gtkradiant,322298055,322298085,
guile-git,,,322298191
gummi,322298324,322298325,
gupnp-tools,322298354,322298355,322298358
halide,322298617,,
handlr-regex,,,322298667
harlequin,324000962,324000960,324000959
hash_extender,,,323325568
hashcash,,,322298770
haskellPackages.AppleScript,,,322299035
haskellPackages.GOST34112012-Hash,,322299380,322299378
haskellPackages.HsHTSLib,,,322299592
haskellPackages.aoc,,,322302301
haskellPackages.avif,322302812,322302817,
haskellPackages.botan-low,,324191350,
haskellPackages.bytestring-encoding,,,322303965
haskellPackages.copilot-c99,,,322305503
haskellPackages.diagrams-pandoc,,322306688,
haskellPackages.epub-metadata,,,322307678
haskellPackages.error-codes,,,322307719
haskellPackages.executable-hash,,,322307901
haskellPackages.exinst-base,,,322307905
haskellPackages.flatcv,322308374,322308363,
haskellPackages.freetype2,,322308644,322308643
haskellPackages.genvalidity-dirforest,,,322309126
haskellPackages.gi-gdkx113,,,322309563
haskellPackages.gi-gdkx114,,,322309606
haskellPackages.gi-gtkosxapplication,,,322309692
haskellPackages.gi-soup3,,,322309697
haskellPackages.gtk-mac-integration,,,322310900
haskellPackages.gtk-traymanager,,,322310931
haskellPackages.gtk3-mac-integration,,,322310938
haskellPackages.hamid,,,322311132
haskellPackages.haskell-igraph,,322311352,322311346
haskellPackages.hdf5-lite,322311593,322311586,
haskellPackages.heftia-effects,,,322311682
haskellPackages.heystone,322311843,322311841,
haskellPackages.highlight,,,322311927
haskellPackages.hlibgit2,,322312008,
haskellPackages.huckleberry,,,322313147
haskellPackages.hunspell-hs,,,322313174
haskellPackages.hw-json-simd,,322313205,322313199
haskellPackages.implicit,,,322313503
haskellPackages.kqueue,,,322314449
haskellPackages.libtorch-ffi,,,322315020
haskellPackages.llvm-tf,,,322315297
haskellPackages.memcache,,,322315908
haskellPackages.memzero,,,322315948
haskellPackages.minici,,,322316167
haskellPackages.network-can,,,322317205
haskellPackages.nfc,322317358,322317360,
haskellPackages.om-time,,,322317823
haskellPackages.persistent-pagination,,,322318752
haskellPackages.ping-wrapper,,,322318886
haskellPackages.pipes-zlib,,,322319002
haskellPackages.posix-socket,,,322319353
haskellPackages.posix-timer,,,322319292
haskellPackages.posix-waitpid,,,322319295
haskellPackages.primecount,322319651,322319644,322319653
haskellPackages.pthread,,,322319964
haskellPackages.rawfilepath,,,322320423
haskellPackages.rdtsc-enolan,,322320448,322320451
haskellPackages.rdtsc,,322320445,322320443
haskellPackages.regex-rure,323973779,323973780,
haskellPackages.sdl2-cairo,,,322321598
haskellPackages.select,,,322321642
haskellPackages.sha256,,,322322087
haskellPackages.simdutf,,322322337,
haskellPackages.socket,,,322322788
haskellPackages.store,,,322323399
haskellPackages.system-linux-proc,,,322323956
haskellPackages.tailfile-hinotify,,,322324070
haskellPackages.tailwind,322324085,322324078,322324080
haskellPackages.termbox-bindings-c,,,322324412
haskellPackages.timeout-snooze,,,322325049
haskellPackages.trexio-hs,,,322325456
haskellPackages.xls,,,322327358
haskellPackages.xmonad-utils,,,322327455
haskellPackages.zlib-bytes,,,322327959
haskellPackages.zot,,,322327987
hdate,,,322328144
hexagonrpc,,,322328438
hexcurse,322328455,322328454,
hgrep,,322328530,
hime,322328647,322328642,
home-assistant-custom-components.thewatchman,324367482,324367507,
hors,322329187,322329186,
hpp2plantuml,322329288,322329286,322329285
hsd,,,322329304
ht,322329333,322329334,
httperf,322329459,322329457,
httplz,322329485,322329483,322329487
hubicfuse,322329543,322329544,
hygg,,,322330235
hyprlandPlugins.borders-plus-plus,323973790,323973791,
hyprlandPlugins.csgo-vulkan-fix,323973810,323973808,
hyprlandPlugins.hypr-darkwindow,323973825,323973792,
hyprlandPlugins.hyprbars,323973801,323973796,
hyprlandPlugins.hyprexpo,323973794,323973802,
hyprlandPlugins.hyprfocus,323973804,323973799,
hyprlandPlugins.hyprgrass,323973828,323973807,
hyprlandPlugins.hyprscrolling,323973798,323973822,
hyprlandPlugins.hyprspace,323973815,323973797,
hyprlandPlugins.hyprsplit,323973806,323973823,
hyprlandPlugins.hyprtrails,323973824,323973820,
hyprlandPlugins.hyprwinwrap,323973816,323973812,
hyprlandPlugins.xtra-dispatchers,323973805,323973809,
hyprproxlock,,,323295760
i2pd-tools,322330801,322330797,322330799
icesprog,,,322331011
icon-lang,322331087,322331086,
iconpack-jade,322331107,322331105,
id3,322331195,322331190,322331192
idrisPackages.eternal,,,322972661
idrisPackages.ipkgparser,,,322972755
idrisPackages.mhd,,,322972793
idrisPackages.pacman,,,322972806
idrisPackages.semidirect,,,322972816
idrisPackages.smproc,,,322972821
ieda,324174474,324174475,
ifm,322331613,322331609,
imager,322331773,322331775,
imageworsener,322331767,322331764,322331763
ink,322332197,322332192,
inklingreader,322332198,322332196,
inspircd,,,322332294
intensity-normalization,322332353,322332360,322332361
intercal,322332372,322332371,
ioping,,,322332469
ioq3-scion,322332489,322332485,322332478
ior,324028665,324028664,
ip2unix,,322332577,
iqueue,322332703,,
irrd,,323844263,
irrlicht,,,322332753
j,322332969,322332970,
jabcode-reader,322332983,,
jabcode-writer,322332984,,
jamin,322333076,322333074,
jarl,,,322333104
javaPackages.compiler.corretto11,323102286,323102285,
jbofihe,,,322333299
jdupes,,,322333388
jerryscript,322333470,322333467,322333466
jetuml,,,322333505
jextract-21,322333514,322333512,
jextract,,,322333507
jitsi-meet-electron,,,322981663
joplin-cli,,,323295784
jove,322333805,322333804,
jpegli,,324174506,
jrsonnet,322333937,322333931,322333930
jtdx,,,323312261
junkie,322334264,322334260,322334261
jupp,322334266,322334265,
jwhois,322334297,322334299,
kafka-delta-ingest,322335078,322335002,
kallisto,322334600,322334599,
kanagawa-icon-theme,,,322334626
karlyriceditor,322334757,322334755,
kati,322334787,322334783,
kbdd,322334822,322334821,
kdePackages.maplibre-native-qt,322335620,322335617,
kdePackages.mlt,,,324130940
kdePackages.sierra-breeze-enhanced,324431917,324431923,
kdePackages.waylib,323837151,323837144,
kdePackages.wayqt,322336070,322336066,
keeperrl,322336150,,
kermit,322336187,322336179,
keyleds,322336250,322336249,
kgt,,,322336303
kodiPackages.plex-for-kodi,,,322336814
kord,322337063,322337061,322337060
kore,,,322337065
kristall,,,322337197
kty,322337292,322337289,
kubectl-kcl,322337404,322337402,322337401
kuro,,,322981707
l8w8jwt,322337783,,
landrun,,322337896,
larswm,322337933,322337932,
lcm,,,322338145
ldmtool,322338227,322338226,
lean,,,322338263
lean3,,,322338271
leanblueprint,322338291,322338298,322338286
leatherman,322338299,322338293,322338294
leela-zero,322338328,322338327,
lektor,322338572,322338455,322338490
lely-core,322338385,322338384,
lemmy-server,,,323295818
leo-lang,,,322338443
lerna_6,,322338482,
libagar,322338670,322338673,
libcardiacarrest,,,322338917
libcork,,,322339054
libcue-lang,,,322339135
libdjinterop,,,322339255
libdynd,322339316,322339312,
libe-book,,,322339321
liberal-crime-squad,,,323065279
libesmtp,,,322339408
libexecinfo,,,322339454
libffi_3_3,322339509,322339514,
libfive,,,322339519
libfsm,,,322339570
libigloo,,,322339891
libinjection,,,322339929
libixion,322340007,322340003,322340002
libkiwix,,,324050650
liblastfm-vambrose,,,322340108
liblbfgs,,,322340118
libopcodes_2_38,322340644,322340640,
libopensmtpd,,,322340653
libpisp,,,322340790
libplist,,,322340808
libpulsar,322340900,322340896,322340903
libsForQt5.kconfig,,,322341434
libsForQt5.kguiaddons,,,322341493
libsForQt5.libcommuni,,,322341600
libsForQt5.maplibre-gl-native,322341632,322341629,
libsForQt5.maplibre-native-qt,322341635,322341631,
libsForQt5.mlt,,,324130955
libsForQt5.phonon,,,322341640
libsForQt5.pulseaudio-qt,,,322341661
libsForQt5.qoauth,,,322341694
libsForQt5.qtmpris,,,322341937
libsignon-glib,322342210,322342209,
libsquish,,322342315,322342314
libtapi,322342384,322342383,
libtas,322342385,,
libtransmission_4,,,323976057
libucontext,,322342544,
libui-ng,,,322342565
libui,,,322342564
libuiohook,322342571,322342570,
libva1,322342675,322342673,
lightningcss,,,323859046
lilo,322343322,322343320,
link-grammar,322343410,322343411,
linux-rt,323837264,,
linuxKernel.kernels.linux_rt_5_10,323837293,,
linuxKernel.kernels.linux_rt_5_15,323837295,,
linuxKernel.packages.linux_5_10.acer-wmi-battery,,323837302,
linuxKernel.packages.linux_5_10.akvcam,323837309,323837308,
linuxKernel.packages.linux_5_10.amneziawg,323837394,323837349,
linuxKernel.packages.linux_5_10.ax99100,,323863693,
linuxKernel.packages.linux_5_10.it87,323837352,,
linuxKernel.packages.linux_5_10.mbp2018-bridge-drv,323837368,323837365,
linuxKernel.packages.linux_5_10.nvidia_x11_beta_open,323837383,323837382,
linuxKernel.packages.linux_5_10.nvidia_x11_production_open,323985543,323985546,
linuxKernel.packages.linux_5_10.nvidia_x11_stable_open,323985544,323985545,
linuxKernel.packages.linux_5_10.nvidia_x11_vulkan_beta_open,324050682,324050678,
linuxKernel.packages.linux_5_10.odp-dpdk,324028774,,
linuxKernel.packages.linux_5_10.tbs,,323837446,
linuxKernel.packages.linux_5_10.tsme-test,,323837453,
linuxKernel.packages.linux_5_10.tuxedo-drivers,323837456,,
linuxKernel.packages.linux_5_10.universal-pidff,323837458,323837457,
linuxKernel.packages.linux_5_10.virtualboxGuestAdditions,,323837477,
linuxKernel.packages.linux_5_15.acer-wmi-battery,,323837493,
linuxKernel.packages.linux_5_15.akvcam,323837515,323837498,
linuxKernel.packages.linux_5_15.amneziawg,323837548,323837530,
linuxKernel.packages.linux_5_15.ax99100,,323863695,
linuxKernel.packages.linux_5_15.mbp2018-bridge-drv,323837564,323837562,
linuxKernel.packages.linux_5_15.nvidia_x11_beta_open,323837577,323837576,
linuxKernel.packages.linux_5_15.nvidia_x11_production_open,323985548,323985547,
linuxKernel.packages.linux_5_15.nvidia_x11_stable_open,323985549,323985550,
linuxKernel.packages.linux_5_15.nvidia_x11_vulkan_beta_open,324050685,324050686,
linuxKernel.packages.linux_5_15.odp-dpdk,324028778,,
linuxKernel.packages.linux_5_15.tbs,,323837642,
linuxKernel.packages.linux_5_15.tsme-test,,323837647,
linuxKernel.packages.linux_5_15.universal-pidff,323837654,323837652,
linuxKernel.packages.linux_6_1.acer-wmi-battery,,323837684,
linuxKernel.packages.linux_6_1.ax99100,,323863697,
linuxKernel.packages.linux_6_1.mba6x_bl,323837770,323837767,
linuxKernel.packages.linux_6_1.mbp2018-bridge-drv,323837773,323837771,
linuxKernel.packages.linux_6_1.morse-driver,323837775,323837776,
linuxKernel.packages.linux_6_1.odp-dpdk,324028784,,
linuxKernel.packages.linux_6_1.tbs,,323837855,
linuxKernel.packages.linux_6_1.tsme-test,,323837862,
linuxKernel.packages.linux_6_1.universal-pidff,,323837869,
linuxKernel.packages.linux_6_12.acer-wmi-battery,,324050694,
linuxKernel.packages.linux_6_12.mbp2018-bridge-drv,324050765,324050778,
linuxKernel.packages.linux_6_12.odp-dpdk,324028790,,
linuxKernel.packages.linux_6_12.tbs,,324050850,
linuxKernel.packages.linux_6_12.tsme-test,,324050871,
linuxKernel.packages.linux_6_12_hardened.acer-wmi-battery,,323838121,
linuxKernel.packages.linux_6_12_hardened.mbp2018-bridge-drv,323838192,323838190,
linuxKernel.packages.linux_6_12_hardened.odp-dpdk,324028795,,
linuxKernel.packages.linux_6_12_hardened.tbs,,323838265,
linuxKernel.packages.linux_6_12_hardened.tsme-test,,323838270,
linuxKernel.packages.linux_6_18.acer-wmi-battery,,324050917,
linuxKernel.packages.linux_6_18.lttng-modules,324050986,324051002,
linuxKernel.packages.linux_6_18.mbp2018-bridge-drv,324050989,324050988,
linuxKernel.packages.linux_6_18.msi-ec,,324050994,
linuxKernel.packages.linux_6_18.odp-dpdk,324028902,,
linuxKernel.packages.linux_6_18.tsme-test,,324051081,
linuxKernel.packages.linux_6_18.vmm_clock,324051088,,
linuxKernel.packages.linux_6_19.acer-wmi-battery,,324051117,
linuxKernel.packages.linux_6_19.amneziawg,324051140,324051138,
linuxKernel.packages.linux_6_19.apfs,324051133,324051128,
linuxKernel.packages.linux_6_19.drbd,324191439,,
linuxKernel.packages.linux_6_19.lkrg,324051215,324051212,
linuxKernel.packages.linux_6_19.lttng-modules,324051192,324051186,
linuxKernel.packages.linux_6_19.mbp2018-bridge-drv,324051252,324051200,
linuxKernel.packages.linux_6_19.msi-ec,,324051199,
linuxKernel.packages.linux_6_19.odp-dpdk,324029104,,
linuxKernel.packages.linux_6_19.opensnitch-ebpf,324051229,324051225,
linuxKernel.packages.linux_6_19.tsme-test,324051281,324051279,
linuxKernel.packages.linux_6_19.virtualbox,324051339,,
linuxKernel.packages.linux_6_19.virtualboxGuestAdditions,324051318,,
linuxKernel.packages.linux_6_19.vmm_clock,324051302,,
linuxKernel.packages.linux_6_6.acer-wmi-battery,,323838688,
linuxKernel.packages.linux_6_6.ax99100,,323863699,
linuxKernel.packages.linux_6_6.mba6x_bl,323838769,323838767,
linuxKernel.packages.linux_6_6.mbp2018-bridge-drv,323838770,323838768,
linuxKernel.packages.linux_6_6.odp-dpdk,324029209,,
linuxKernel.packages.linux_6_6.tbs,323838858,323838857,
linuxKernel.packages.linux_6_6.tsme-test,,323838863,
linuxKernel.packages.linux_6_6.universal-pidff,,323838868,
linuxKernel.packages.linux_hardened.acer-wmi-battery,,323838907,
linuxKernel.packages.linux_hardened.mbp2018-bridge-drv,323838984,323838983,
linuxKernel.packages.linux_hardened.odp-dpdk,324029214,,
linuxKernel.packages.linux_hardened.tbs,,323839057,
linuxKernel.packages.linux_hardened.tsme-test,,323839061,
linuxKernel.packages.linux_xanmod.lttng-modules,324150231,,
linuxKernel.packages.linux_xanmod.mbp2018-bridge-drv,324150207,,
linuxKernel.packages.linux_xanmod.odp-dpdk,324029270,,
linuxKernel.packages.linux_xanmod.vmm_clock,324150264,,
linuxKernel.packages.linux_xanmod_latest.amneziawg,324150300,,
linuxKernel.packages.linux_xanmod_latest.apfs,324150289,,
linuxKernel.packages.linux_xanmod_latest.drbd,324191447,,
linuxKernel.packages.linux_xanmod_latest.lkrg,324150324,,
linuxKernel.packages.linux_xanmod_latest.lttng-modules,324150349,,
linuxKernel.packages.linux_xanmod_latest.mbp2018-bridge-drv,324150330,,
linuxKernel.packages.linux_xanmod_latest.odp-dpdk,324029395,,
linuxKernel.packages.linux_xanmod_latest.opensnitch-ebpf,324150344,,
linuxKernel.packages.linux_xanmod_latest.tsme-test,324150370,,
linuxKernel.packages.linux_xanmod_latest.virtualbox,324150892,,
linuxKernel.packages.linux_xanmod_latest.virtualboxGuestAdditions,324150514,,
linuxKernel.packages.linux_xanmod_latest.vmm_clock,324150384,,
linuxKernel.packages.linux_xanmod_stable.amneziawg,324150508,,
linuxKernel.packages.linux_xanmod_stable.apfs,324150463,,
linuxKernel.packages.linux_xanmod_stable.drbd,324191448,,
linuxKernel.packages.linux_xanmod_stable.lkrg,324150442,,
linuxKernel.packages.linux_xanmod_stable.lttng-modules,324150443,,
linuxKernel.packages.linux_xanmod_stable.mbp2018-bridge-drv,324150445,,
linuxKernel.packages.linux_xanmod_stable.odp-dpdk,324029522,,
linuxKernel.packages.linux_xanmod_stable.opensnitch-ebpf,324150462,,
linuxKernel.packages.linux_xanmod_stable.tsme-test,324150487,,
linuxKernel.packages.linux_xanmod_stable.virtualbox,324150517,,
linuxKernel.packages.linux_xanmod_stable.virtualboxGuestAdditions,324150513,,
linuxKernel.packages.linux_xanmod_stable.vmm_clock,324150501,,
linuxKernel.packages.linux_zen.mbp2018-bridge-drv,323839255,,
linuxKernel.packages.linux_zen.odp-dpdk,324029595,,
linuxKernel.packages.linux_zen.vmm_clock,323839302,,
linuxPackages.acer-wmi-battery,,324051560,
linuxPackages.lttng-modules,324051429,324051427,
linuxPackages.mbp2018-bridge-drv,324051433,324051430,
linuxPackages.msi-ec,,324051437,
linuxPackages.odp-dpdk,324029707,,
linuxPackages.tsme-test,,324051505,
linuxPackages.vmm_clock,324051526,,
linuxPackages_latest.acer-wmi-battery,,324051546,
linuxPackages_latest.amneziawg,324051752,324051751,
linuxPackages_latest.apfs,324051558,324051557,
linuxPackages_latest.drbd,324191455,,
linuxPackages_latest.lkrg,324051626,324051625,
linuxPackages_latest.lttng-modules,324051628,324051627,
linuxPackages_latest.mbp2018-bridge-drv,324051633,324051630,
linuxPackages_latest.msi-ec,,324051638,
linuxPackages_latest.odp-dpdk,324029909,,
linuxPackages_latest.opensnitch-ebpf,324051667,324051666,
linuxPackages_latest.tsme-test,324051708,324051707,
linuxPackages_latest.virtualbox,324051730,,
linuxPackages_latest.virtualboxGuestAdditions,324051736,,
linuxPackages_latest.vmm_clock,324051731,,
linuxPackages_xanmod.lttng-modules,324150577,,
linuxPackages_xanmod.mbp2018-bridge-drv,324150578,,
linuxPackages_xanmod.odp-dpdk,324030067,,
linuxPackages_xanmod.vmm_clock,324150636,,
linuxPackages_xanmod_latest.amneziawg,324150889,,
linuxPackages_xanmod_latest.apfs,324150654,,
linuxPackages_xanmod_latest.drbd,324191454,,
linuxPackages_xanmod_latest.lkrg,324150694,,
linuxPackages_xanmod_latest.lttng-modules,324150695,,
linuxPackages_xanmod_latest.mbp2018-bridge-drv,324150697,,
linuxPackages_xanmod_latest.odp-dpdk,324030202,,
linuxPackages_xanmod_latest.opensnitch-ebpf,324150711,,
linuxPackages_xanmod_latest.tsme-test,324150740,,
linuxPackages_xanmod_latest.virtualbox,324150891,,
linuxPackages_xanmod_latest.virtualboxGuestAdditions,324150885,,
linuxPackages_xanmod_latest.vmm_clock,324150754,,
linuxPackages_xanmod_stable.amneziawg,324150890,,
linuxPackages_xanmod_stable.apfs,324150771,,
linuxPackages_xanmod_stable.drbd,324191456,,
linuxPackages_xanmod_stable.lkrg,324150809,,
linuxPackages_xanmod_stable.lttng-modules,324150808,,
linuxPackages_xanmod_stable.mbp2018-bridge-drv,324150811,,
linuxPackages_xanmod_stable.odp-dpdk,324030318,,
linuxPackages_xanmod_stable.opensnitch-ebpf,324150825,,
linuxPackages_xanmod_stable.tsme-test,324150851,,
linuxPackages_xanmod_stable.virtualbox,324150865,,
linuxPackages_xanmod_stable.virtualboxGuestAdditions,324150871,,
linuxPackages_xanmod_stable.vmm_clock,324150868,,
linuxPackages_zen.mbp2018-bridge-drv,323839843,,
linuxPackages_zen.odp-dpdk,324030382,,
linuxPackages_zen.vmm_clock,323839893,,
linuxkit,,,322347394
liquidctl,323976102,323976101,
litemdview,322347484,322347477,
live555,,,322347519
lixPackageSets.lix_2_93.lix,324191547,,
llama-swap,,,322347854
llvmPackages_22.compiler-rt-no-libc,,322348830,
llvmPackages_22.libc-overlay,322348848,322348842,
llvmPackages_22.libc,322348845,322348838,
llvmPackages_22.libllvm,,,322348860
llvmPackages_22.llvm,,,322348888
llvm_22,,,322348931
lnx,322349006,322349003,
loadwatch,322349011,322349009,
localproxy,322349022,322349024,322349023
loganalyzer,,,322349103
loki,,,322349227
lsd2dsl,322349518,322349514,322349528
lttoolbox,,,322349594
lttv,322349599,322349600,
lua55Packages.libluv,322352350,322352348,322352349
lua55Packages.luaossl,322352501,322352497,322352496
lua55Packages.luarocks-nix,323840156,323840154,323840157
lunatic,322354242,322354239,322354240
m1n1,,,322354576
m8c,322354569,322354568,
macopix,322354612,322354610,
mactop,,,322354623
mafft,322354660,322354658,
maigret,,324174921,
maiko,,,322354734
mailutils,323018398,,
makehuman,322354853,322354854,322354855
mame-tools,,,322988760
mame,,,322988759
marktext,323295850,323295849,
maskromtool,,,322355424
mathemagix,322355560,,
matrix-zulip-bridge,323996852,323996851,323996864
mattermost-desktop,,,324092586
mayo,,,322355829
mcdreforged,322355872,322355868,322355869
mcrypt,322355940,322355939,
mdbook-pandoc,324150911,,
mediaelch-qt5,322356209,322356208,
mediagoblin,,,324102774
mediasynclite,,,322356230
mediathekview,,,322356234
meritous,322356462,322356463,
meshtasticd,322356699,322356704,
metapixel,,,322356590
meteo-qt,322356603,322356602,
meteor,322356605,,
mev-boost,322981873,322981871,
mew,322356639,322356638,
mftrace,322356663,322356660,
mgmt,,,323325914
micronucleus,,,322356747
midicsv,322356785,322356781,
migrate,324030506,324030505,
mikmod,322356809,322356807,
minc_tools,322356859,322356858,
mini-httpd,322356909,322356908,
miniaudicle,322356920,322356919,
miniserve,322981883,,322981881
minutor,,,322357090
miranda,322357123,322357116,
mlkit,,322357365,322357364
mlt,,,324131204
mlton20130715,322357395,,
mlton20210117,,,322357400
mlvwm,322357427,322357423,
mobsql,,,322357545
monotone,,,322357797
moshi,322358108,322358102,
mosml,,,322358100
motoc,,,322358724
move-mount-beneath,,,322358149
mpage,322358245,322358241,
mpd-touch-screen-gui,322358281,322358277,
mplayer,,,322358376
mrpack-install,,,322358696
mrtg,322358709,322358707,322358708
mruby,,,322358713
mrustc,322358712,,
msieve,,,322358772
mspds,322358815,322358814,322358816
mtx,322358890,322358887,
mucommander,,,322359164
mudlet,323049679,323049680,
multipart-parser-c,,,322358970
mup,322359054,322359055,
musly,322359122,322359115,322359117
mytetra,322359326,322359323,
nabi,322359360,322359361,
nagiosPlugins.check_interfaces,322359382,322359381,322359383
nanobench,,,322359475
nbench,322359671,322359668,
ncview,322359787,322359791,
ndn-cxx,322359798,322359796,
nedit,322359846,322359843,
netifd,322360423,322360420,
netperf,,,322360457
neverest,322360559,322360557,322360556
newlib-nano,,322360576,322360575
newlib,,322360569,322360570
newsboat,,,322360598
nexuiz,322360653,322360654,
nezha-theme-admin,,,323799599
nfft,322360689,322360688,
ngadmin,,,322360709
niftyreg,322360827,,
nihstro,,,322360834
nip2,324367776,324367773,
nitrokey-fido2-firmware,323110366,323110367,324051994
nmstate,,,322362230
node2nix,323840498,323840496,323840506
nodePackages.node2nix,323840500,323840497,323840507
nodePackages.semver,322362312,322362311,322362309
nodePackages_latest.node2nix,,323985722,323985737
nodePackages_latest.nodejs,323985713,,
nodePackages_latest.semver,,323985715,323985735
nodehun,,,322362354
nodejs-slim_20,323330595,,323330596
nodejs-slim_25,323985719,,
nodejs-slim_latest,323985726,,
notify-osd-customizable,322362591,322362592,
npiet,322362733,322362731,
ns-3,323102777,,
nsd,,,322362820
ntfy-sh,,,323845409
ntttcp,322362967,322362966,
numdiff,322363048,322363046,
numr,324052010,324052011,324052009
nushell-plugin-semver,,,323295908
nushellPlugins.semver,,,323295909
nuweb,324150969,324150970,
nvc,,323923959,
nvramtool,,322363291,
nxpmicro-mfgtools,322363373,322363371,
nylon,322363398,322363396,
obitools3,322363484,322363480,322363479
obs-studio-plugins.obs-color-monitor,324155617,324155587,
ocamlPackages.camlp4,,,322364042
ocamlPackages.class_group_vdf,,,322364150
ocamlPackages.ecaml,,,322364764
ocamlPackages.janeStreet.ecaml,,,322365551
ocamlPackages.janeStreet.janestreet_cpuid,,322365629,322365630
ocamlPackages.janestreet_cpuid,,322366064,322366060
ocamlPackages.llvm,,,322366290
ocamlPackages.magic-trace,,324192561,
ocamlPackages.owl,,,322367213
ocamlPackages_latest.camlp4,,,322369080
ocamlPackages_latest.class_group_vdf,,,322369197
ocamlPackages_latest.ecaml,,,322369747
ocamlPackages_latest.janeStreet.ecaml,,,322370594
ocamlPackages_latest.janeStreet.janestreet_cpuid,,322370687,322370676
ocamlPackages_latest.janestreet_cpuid,,322371095,322371086
ocamlPackages_latest.llvm,,,322371324
ocamlPackages_latest.magic-trace,,324193915,
ocamlPackages_latest.owl,,,322372253
octavePackages.ocl,,,323976360
odp-dpdk,324030631,,
odyssey,322374148,,
oguri,322374217,322374216,
oletools,322374301,322374300,322374298
olive-editor,323018592,323018611,
olsrd,322374329,322374328,
ome_zarr,324367800,324367791,
onednn_2,,322374394,
open-policy-agent,,,323923964
open5gs-webui,,,322374612
openbabel,,322374678,
opencomposite,,,322374784
opendune,323065393,323065396,
openems,324194483,324194482,
openexrid-unstable,322374868,322374875,322374864
openfreebuds,323973961,323973960,
openmodelica.omcompiler,322375122,322375121,
openmvs,322375152,322375165,322375154
openpa,,,322375187
openrw,322375296,322375295,
opensaml-cpp,322375307,322375304,322375301
openscad,,,323976414
openssh-askpass,,,322375407
openterface-qt,322375514,322375518,
ophcrack,322375629,322375628,322375627
opl3bankeditor,,,323864006
opn2bankeditor,,,323864008
osdlyrics,322375844,322375841,
osmo,324102925,324102926,
osrm-backend,,,323985747
otpw,322376007,322376005,
owl,322376096,,
oxker,324053653,,324053656
p4c,322376180,322376179,
packcc,,,324030665
packetdrill,322376251,322376250,
pam_dp9ik,322376364,322376363,
pam_gnupg,,,322376367
pam_xdg,,322376402,322376400
paml,322376411,322376408,
pantalaimon-headless,323996911,323996910,
pantalaimon,323996902,323996906,
parallel-launcher,322376917,,
parsedmarc,324417395,324417393,
partclone-utils,,,322377000
particl-core,322377009,,
paxtest,322377251,322377250,
pcb2gcode,,,323923979
pcem,324102984,324102976,
pcmanx-gtk2,322377345,322377344,
pdfding,324053687,324053685,324053688
pdfslicer,,,322377491
pdftoipe,322377506,322377504,322377503
pe-parse,322377559,322377555,
perf_data_converter,323923984,323923981,
perl5Packages.BerkeleyDB,,,322378105
perl5Packages.BoostGeometryUtils,,,322378120
perl5Packages.CryptOpenSSLAES,,,322378994
perl5Packages.MathPari,322381610,322381614,322381616
perl5Packages.NetIPXS,,,322382411
perl5Packages.NetPatricia,322382474,322382473,
perl5Packages.SDL,322383346,322383423,322383365
perl5Packages.SessionToken,322383384,322383376,
perl5Packages.TestLWPUserAgent,,,322384057
perl5Packages.libapreq2,322385202,322385203,
perlPackages.BerkeleyDB,,,322385695
perlPackages.BoostGeometryUtils,,,322385725
perlPackages.CryptOpenSSLAES,,,322386585
perlPackages.MathPari,322389197,322389204,322389198
perlPackages.NetIPXS,,,322389983
perlPackages.NetPatricia,322390058,322390052,
perlPackages.SDL,322390906,322390917,322391013
perlPackages.SessionToken,322390970,322390966,
perlPackages.TestLWPUserAgent,,,322391647
perlPackages.libapreq2,322392789,322392823,
perseus,322392888,322392887,
petidomo,322392924,322392921,
pgbadger,322393016,322393018,322393015
pgloader,,,323295947
phart,322393171,322393168,322393170
php82Extensions.sysvshm,,,322393613
php84Extensions.sysvshm,,,324116107
phpExtensions.sysvshm,,,324117000
phrasendrescher,322395589,322395590,
phytool,,,322395611
picat,,,322395631
picoc,322395649,322395648,
picolibc,,322395667,322395666
pidginPackages.purple-lurch,322395739,322395740,
pidginPackages.purple-plugin-pack,322395751,322395741,
piglit,322395768,322395767,
pigpio,322395764,322395765,
pijuice,322395782,322395780,
pike,,324136032,
pilot-link,322395809,322395808,
pipenv-poetry-migrate,322395956,322395954,322395950
pkgsRocm.babeldoc,324367860,,
pkgsRocm.ieda,324175098,,
pkgsRocm.ior,324030807,,
pkgsRocm.migrate,324030830,,
pkgsRocm.openems,324194568,,
pkgsRocm.python3Packages.dask-mpi,324030925,,
pkgsRocm.python3Packages.deepwave,324367925,,
pkgsRocm.python3Packages.distrax,324367937,,
pkgsRocm.python3Packages.gpuctypes,323976726,,
pkgsRocm.python3Packages.hyper-connections,324367974,,
pkgsRocm.python3Packages.jaxopt,324367984,,
pkgsRocm.python3Packages.mdtraj,324368040,,
pkgsRocm.python3Packages.mim-solvers,324400890,,
pkgsRocm.python3Packages.pandera,324368091,,
pkgsRocm.python3Packages.pepit,324368232,,
pkgsRocm.python3Packages.pymanopt,324368102,,
pkgsRocm.python3Packages.pytorch-pfn-extras,324368114,,
pkgsRocm.python3Packages.qutip,324368122,,
pkgsRocm.python3Packages.sirius,324031187,,
pkgsRocm.python3Packages.tensordict,324368164,,
pkgsRocm.python3Packages.tensorflow-datasets,324368175,,
pkgsRocm.python3Packages.torchao,324368183,,
pkgsRocm.python3Packages.torchcodec,324368182,,
pkgsRocm.python3Packages.torchdata,324368185,,
pkgsRocm.python3Packages.unsloth-zoo,324368214,,
pkgsRocm.raxml-mpi,324031282,,
pkgsRocm.sirius,324031299,,
pkgsRocm.xyce-parallel,324151473,,
plasma5Packages.kconfig,,,322396933
plasma5Packages.kguiaddons,,,322397001
plasma5Packages.libcommuni,,,322397101
plasma5Packages.maplibre-gl-native,322397132,322397134,
plasma5Packages.maplibre-native-qt,322397137,322397131,
plasma5Packages.mlt,,,324131481
plasma5Packages.phonon,,,322397138
plasma5Packages.pulseaudio-qt,,,322397163
plasma5Packages.qoauth,,,322397194
plasma5Packages.qtmpris,,,322397438
ploticus,322397733,322397731,
pmars-x11,,,322397818
pngoptimizer,322397877,322397876,
pocket-casts,323295982,323295983,
podofo,,,322397987
podofo_0_10,,,322397993
podofo_1_0,,,322398001
poedit,324103224,324103220,
pokefinder,,323049806,323049805
polkadot,,,322398104
pony-corral,,323845437,323845434
popa3d,322398221,322398222,
postgresql14Packages.apache_datasketches,323103451,323103428,
postgresql14Packages.pointcloud,,,323103636
postgresql15Packages.apache_datasketches,323103714,323103681,
postgresql15Packages.pointcloud,,,323103878
postgresql16Packages.apache_datasketches,323103957,323103945,
postgresql16Packages.pointcloud,,,323104134
postgresql17Packages.apache_datasketches,323104195,323104217,
postgresql17Packages.pointcloud,,,323104448
postgresql18Packages.apache_datasketches,323104452,323104444,
postgresql18Packages.pointcloud,,,323104645
postgresqlPackages.apache_datasketches,323104663,323104664,
postgresqlPackages.pointcloud,,,323104870
postsrsd,,,322399895
powertabeditor,,,322399983
prime-server,,,322400207
professor,322400346,322400375,
prometheus-mikrotik-exporter,,,322400590
protoc-gen-js,,,323924063
proxysql,323104982,323104983,
ptouch-print,,,322401307
pulseeffects-legacy,324117226,324117227,
puredata,,,322401491
pvsneslib,322401532,322401529,322401530
pycoin,,,322401643
pyrosimple,322401819,322401815,322401814
python313Packages.a2a-sdk,324194648,,
python313Packages.adb-enhanced,322401968,322401966,322401965
python313Packages.aerosandbox,324400899,324400900,
python313Packages.affinegap,322402054,322402051,322402050
python313Packages.aiosonic,,,322402780
python313Packages.amazon-ion,322403112,322403110,322403111
python313Packages.angr,322403172,322403174,322403170
python313Packages.apipkg,322403354,322403353,322403352
python313Packages.arch,322403512,322403519,322403537
python313Packages.ariadne,,,322403574
python313Packages.asf-search,322403695,322403693,322403694
python313Packages.aspy-refactor-imports,322403750,322403749,322403748
python313Packages.autopxd2,322404151,322404149,322404148
python313Packages.bayespy,322405050,322405047,322405048
python313Packages.beets-alternatives,,323326209,
python313Packages.bezier,322405265,322405263,
python313Packages.biopandas,322405364,322405362,322405361
python313Packages.bitcoinrpc,322405400,322405395,322405393
python313Packages.borb,322405663,322405657,322405655
python313Packages.bork,322405672,322405658,322405656
python313Packages.bpython,322405717,322405718,
python313Packages.braintree,322405734,322405731,322405732
python313Packages.brian2,322405774,322405771,322405772
python313Packages.bubop,322405882,322405880,322405872
python313Packages.canopen,,,322406066
python313Packages.celery-types,322406216,322406217,322406213
python313Packages.cert-chain-resolver,322406241,322406237,
python313Packages.certbot-nginx,322406291,322406269,322406292
python313Packages.clickhouse-cityhash,322406691,322406693,322406689
python313Packages.clickhouse-connect,322406701,322406699,322406704
python313Packages.cometx,324001297,324001295,324001300
python313Packages.conda-libmamba-solver,322407219,322407195,322407202
python313Packages.connect-box,322407280,322407282,322407279
python313Packages.control,,,322407389
python313Packages.coq-tools,322407405,322407403,322407400
python313Packages.cornice,322407453,322407452,322407435
python313Packages.crochet,,,322407551
python313Packages.cx-freeze,322407808,322407809,
python313Packages.cyvest,322407901,322407886,322407894
python313Packages.dashscope,,,322407969
python313Packages.dask-gateway-server,322407982,322407980,322407983
python313Packages.dask-gateway,322407981,322407985,322407977
python313Packages.dask-ml,322407997,322407998,322408002
python313Packages.dask-mpi,324031553,324031552,322408003
python313Packages.datasketch,,,324103399
python313Packages.dazl,322408168,322408167,322408165
python313Packages.dbus-fast,,,322408225
python313Packages.dedupe-pylbfgs,322408336,322408338,322408335
python313Packages.deepwave,324368559,,
python313Packages.deid,,,322408423
python313Packages.dicomweb-client,,,322408587
python313Packages.diofant,322408663,322408664,322408662
python313Packages.disnake,322408730,322408726,322408725
python313Packages.distrax,324368583,,
python313Packages.django-scheduler,322409448,322409441,322409440
python313Packages.django-silk,322409470,322409473,322409463
python313Packages.djangorestframework-stubs,322982284,322982283,322982282
python313Packages.docplex,322409785,322409786,322409787
python313Packages.docstr-coverage,322409795,322409793,322409792
python313Packages.donut-shellcode,322409865,322409860,322409863
python313Packages.dramatiq-abort,322409965,322409955,322409954
python313Packages.ds-store,322410054,322410048,322410046
python313Packages.dscribe,322410070,322410060,322410073
python313Packages.duct-py,322410117,322410114,322410116
python313Packages.epitran,322410715,322410710,324052291
python313Packages.es-client,322410733,322410735,322410727
python313Packages.escapism,322410722,322410723,322410721
python313Packages.esig,322410730,322410729,322410726
python313Packages.etelemetry,,,322410792
python313Packages.executorch,324368679,,
python313Packages.exiv2,323098501,323098500,323098499
python313Packages.faraday-agent-parameters-types,322411123,322411122,322411120
python313Packages.fastremap,322411288,322411286,322411285
python313Packages.filterpy,,,322411453
python313Packages.finvizfinance,322411491,322411489,
python313Packages.freud,322412188,322412186,322412187
python313Packages.fritzconnection,,,322412202
python313Packages.gensim,,322412729,
python313Packages.git-dummy,,,322412753
python313Packages.githubkit,323010915,323010916,323010921
python313Packages.glean-sdk,322412852,322412850,
python313Packages.graph-tool,,,323065524
python313Packages.graphite-web,323010925,323010924,323010939
python313Packages.hakuin,322413789,322413806,322413798
python313Packages.halide,324368762,,
python313Packages.hdbscan,322413913,322413911,322413909
python313Packages.hdf5plugin,323790947,,
python313Packages.hebg,323841082,323841081,323841084
python313Packages.hepunits,322413974,322413973,322413972
python313Packages.hg-git,324001343,324001341,324001340
python313Packages.hmmlearn,,322414129,322414128
python313Packages.hyper-connections,324368790,,323074170
python313Packages.ibmiotf,322414581,322414578,322414580
python313Packages.ics,322414636,322414635,322414634
python313Packages.imbalanced-learn,322414782,322414779,322414786
python313Packages.intensity-normalization,322415033,322415027,322415023
python313Packages.invocations,322415072,322415070,322415076
python313Packages.iterfzf,,,323087468
python313Packages.jaxopt,324368849,,322831328
python313Packages.jeepney,,,322415511
python313Packages.jenkinsapi,322415534,322415532,322415531
python313Packages.johnnycanencrypt,322415619,322415615,322415613
python313Packages.jupyterlab-execute-time,323074240,323074244,323074239
python313Packages.jupyterlab-git,323074245,323074242,323074225
python313Packages.kalshi-python,322416120,322416118,322416119
python313Packages.kanidm,323922812,323922814,323922811
python313Packages.kde-material-you-colors,322416197,322416192,322416193
python313Packages.kfactory,322416276,322416283,324052366
python313Packages.kopf,323924235,323924234,323924236
python313Packages.labelbox,322416448,322416443,322416519
python313Packages.leanblueprint,322416781,322416779,322416778
python313Packages.leb128,322416791,322416788,322416789
python313Packages.libarcus,322416870,322416872,
python313Packages.libbs,323841238,323841239,323841240
python313Packages.libfive,,,322416922
python313Packages.lightgbm,322417143,322417136,
python313Packages.line-profiler,322417193,322417187,322417186
python313Packages.linearmodels,323105557,323105564,323105553
python313Packages.liquidctl,323977287,323977286,
python313Packages.locust-cloud,,323011199,
python313Packages.looptime,,,322417767
python313Packages.lox,322417803,322417798,322417800
python313Packages.mcdreforged,322418290,322418294,322418289
python313Packages.md-toc,322418313,322418312,322418311
python313Packages.mdtraj,324369210,,
python313Packages.meraki,322418475,322418473,322418472
python313Packages.mim-solvers,324401078,,
python313Packages.minisbd,,324175432,
python313Packages.mkdocs-simple-blog,322418979,322418973,322418969
python313Packages.mlrose,322419013,322419011,322419012
python313Packages.mlt,,,324131919
python313Packages.mlx,,,322419021
python313Packages.mlxtend,322419031,322419028,322419027
python313Packages.mockfs,322419104,322419101,322419099
python313Packages.momepy,324131926,324131921,324131923
python313Packages.monosat,322419243,322419241,322419226
python313Packages.mpv,324194879,,
python313Packages.mqtt2influxdb,322419409,322419402,
python313Packages.mrsqm,322419398,322419396,322419397
python313Packages.msprime,322419484,322419480,322419478
python313Packages.multiscale-spatial-image,324369276,324369279,
python313Packages.napari-console,322421171,322421169,322421168
python313Packages.nbconflux,322421242,322421232,322421234
python313Packages.nbsphinx,322421264,322421260,322421262
python313Packages.neo,322421332,322421329,322421331
python313Packages.nglview,323074317,323074337,323074318
python313Packages.niaaml,322421538,322421536,322421535
python313Packages.nidaqmx,322421579,322421577,322421576
python313Packages.nitime,322421633,322421631,
python313Packages.numpy-typing-compat,322421938,322421936,322421931
python313Packages.oca-port,322422038,322422034,322422032
python313Packages.odc-loader,324369361,324369370,
python313Packages.oletools,322422153,322422155,322422152
python313Packages.ome-zarr,324369374,324369369,
python313Packages.openbabel,,322422378,
python313Packages.opencc,322422391,322422383,
python313Packages.openfga-sdk,322422429,322422430,322422428
python313Packages.opensfm,322422476,322422482,
python313Packages.opentelemetry-instrumentation-botocore,322422542,322422540,322422541
python313Packages.opentelemetry-instrumentation-system-metrics,,,323977311
python313Packages.oscpy,322422802,322422799,322422798
python313Packages.overpy,,,322422937
python313Packages.pandera,324369427,,324132015
python313Packages.pdbfixer,322423383,322423382,
python313Packages.pglive,322423652,322423656,322423657
python313Packages.pgsanity,323105915,323105936,323105909
python313Packages.phart,322423678,322423677,322423676
python313Packages.pijuice,322423802,322423796,
python313Packages.pilight,,,322423811
python313Packages.pint-xarray,322423872,322423868,322424026
python313Packages.plux,322424143,322424144,322424145
python313Packages.podcats,322424206,322424207,322424204
python313Packages.pot,322424322,322424321,322424323
python313Packages.primer3,322424478,322424479,322424502
python313Packages.prometheus-flask-exporter,322424559,322424561,322424558
python313Packages.protobuf4,322424615,322424614,322424617
python313Packages.proton-client,322424636,322424638,
python313Packages.proton-core,,,322424634
python313Packages.psycopg2cffi,323105955,323105954,
python313Packages.pvlib,322424863,322424861,322424862
python313Packages.pyads,322425172,322425168,322425166
python313Packages.pyamg,322425220,322425214,322425213
python313Packages.pyathena,322425313,322425311,322425312
python313Packages.pycm,322425547,322425546,322425545
python313Packages.pycoin,,,322425570
python313Packages.pyeclib,,,322425938
python313Packages.pygitguardian,322426282,322426284,322426287
python313Packages.pygsl,322426370,322426366,
python313Packages.pyhepmc,322426424,322426422,322426419
python313Packages.pyinsteon,322428671,322426541,322426535
python313Packages.pyinterp,322426543,,
python313Packages.pyitachip2ir,,,322426592
python313Packages.pykdtree,,322426661,
python313Packages.pylette,322426769,322426765,322426764
python313Packages.pylibjpeg-rle,,,322426812
python313Packages.pylint-django,322426868,322426883,322426849
python313Packages.pylsl,,,322426905
python313Packages.pymanopt,324369525,,
python313Packages.pymilvus,,,323040661
python313Packages.pynest2d,322427270,322427256,
python313Packages.pyomo,,,322427420
python313Packages.pyopen-wakeword,,322427417,
python313Packages.pyoxigraph,,,322427510
python313Packages.pyquaternion,322427817,322427816,322427813
python313Packages.pyscf,323048218,,322428056
python313Packages.pysdl3,,,322428103
python313Packages.pyside6-qtads,322428179,322428268,322428171
python313Packages.pysilero-vad,,,322428223
python313Packages.pyslurm,324031759,324031755,
python313Packages.pysnooper,,,322428338
python313Packages.pystardict,322428473,322428472,322428471
python313Packages.pytask,322428552,322428553,322428550
python313Packages.pytenable,322428571,322428572,322428568
python313Packages.pytest-asyncio-cooperative,322428626,322428624,322428623
python313Packages.pytest-flake8,322428769,322428766,322428768
python313Packages.pytest-md-report,322428933,322428913,322428890
python313Packages.pytest-notebook,323074395,323074396,323074393
python313Packages.pytest-pylint,322428959,322428957,322428956
python313Packages.python-datemath,322429342,322429341,322429333
python313Packages.python-djvulibre,,,322429370
python313Packages.python-idzip,322429521,322429522,322429523
python313Packages.python-prctl,,322429837,
python313Packages.python-redis-lock,,,323011548
python313Packages.python-tds,322429957,322429952,322429951
python313Packages.pytorch-pfn-extras,324369627,,
python313Packages.pyttsx3,,,322430291
python313Packages.pywal16,,,322982520
python313Packages.pywebview,,,322430544
python313Packages.pywinbox,,,322430539
python313Packages.qutip,324369654,,
python313Packages.raylib-python-cffi,,,323844713
python313Packages.rds2py,,,322431052
python313Packages.requirements-detector,322431447,322431442,322431443
python313Packages.rtfunicode,322431983,322431979,322431977
python313Packages.rubymarshal,322432026,322432025,322432024
python313Packages.salmon-mail,322432170,322432168,322432167
python313Packages.scalar-fastapi,322432266,322432264,322432263
python313Packages.schedula,322432284,322432282,
python313Packages.schema-salad,322432300,322432297,322432299
python313Packages.scikit-rf,322432372,322432369,322432368
python313Packages.scikits-odes-daepack,322432389,322432387,
python313Packages.scikits-odes,,,322432379
python313Packages.sdds,322432495,322432497,322432492
python313Packages.seekpath,322432577,322432570,322432572
python313Packages.segyio,322432585,322432587,322432582
python313Packages.semgrep,,,323841597
python313Packages.shiv,322434599,322432884,
python313Packages.simple-salesforce,322433003,322432999,322432996
python313Packages.sipyco,322433123,322433121,322433120
python313Packages.skytemple-files,324369772,324369783,
python313Packages.slh-dsa,322433237,322433235,322433234
python313Packages.snowflake-connector-python,322433450,322433449,322433448
python313Packages.solidpython2,322433552,322433551,322433549
python313Packages.sourmash,322433615,322433612,322433613
python313Packages.spatialmath-python,322433673,322433672,322433671
python313Packages.spherogram,322433729,322433730,
python313Packages.sphinx-book-theme,322433776,322433775,322433773
python313Packages.sphinx-last-updated-by-git,322433831,322433825,322433828
python313Packages.sphinxcontrib-bibtex,322433954,322433949,322433948
python313Packages.sphinxext-rediraffe,322434087,322434085,322434084
python313Packages.spyder-kernels,322434133,322435030,322434144
python313Packages.sqlalchemy-continuum,322434165,322434166,322434167
python313Packages.sseclient-py,322434329,322434326,322434327
python313Packages.stumpy,322434744,,322434749
python313Packages.symfc,322435002,322434998,322434995
python313Packages.taskw-ng,322435181,322435172,322435174
python313Packages.tbats,322435198,322435197,322435235
python313Packages.tensordict,324369872,,
python313Packages.tensorflow-datasets,324369909,,
python313Packages.tess,322435427,322435424,322435425
python313Packages.tinyio,322435795,322435794,322435792
python313Packages.torchcrepe,,,323922142
python313Packages.trectools,322436212,322436209,322436207
python313Packages.tritonclient,322437415,322437414,
python313Packages.tsplib95,322437475,322437476,322437471
python313Packages.tt-flash,324001675,324001677,324001678
python313Packages.types-lxml,322439274,322439224,322439221
python313Packages.typesense,322439347,322439339,322439343
python313Packages.unsloth-zoo,324370006,,
python313Packages.uqbar,322439733,322439731,322439730
python313Packages.utitools,,,322439859
python313Packages.viser,324370013,324370014,
python313Packages.vowpalwabbit,,,322440216
python313Packages.warp-lang,322440362,322440371,322440413
python313Packages.webrtc-noise-gain,322440539,322440536,
python313Packages.ws4py,,,322440821
python313Packages.xdis,322440967,322440963,322440964
python314Packages.a2a-sdk,,324194983,
python314Packages.adb-enhanced,322441783,322441780,322441784
python314Packages.aerosandbox,324401304,324401301,
python314Packages.affinegap,322441862,322441860,322441859
python314Packages.aiocache,,,323011824
python314Packages.aiohasupervisor,322442154,322442151,322442152
python314Packages.aiohttp-cors,322442192,322442190,322442189
python314Packages.aiohttp-sse,322442232,322442228,322442223
python314Packages.aiokef,322442293,322442288,322442292
python314Packages.aiomultiprocess,322442350,322442348,322442349
python314Packages.aioopenssl,322442388,322442386,
python314Packages.aiopvapi,322442431,322442429,322442428
python314Packages.aiorpcx,322442477,322442474,322442473
python314Packages.aiosasl,322442513,322442509,322442508
python314Packages.aiosonic,,,322442553
python314Packages.aiotarfile,322442601,322442598,322442596
python314Packages.amazon-ion,322442887,322442884,322442882
python314Packages.angr,322442941,322442957,322442940
python314Packages.aocd,322443100,322443092,322443091
python314Packages.apipkg,322443124,322443122,322443121
python314Packages.arch,322443272,322443268,322443284
python314Packages.asf-search,322443478,322443455,322443456
python314Packages.aspy-refactor-imports,322443509,322443507,322443506
python314Packages.async-cache,322443594,322443591,322443590
python314Packages.async-dns,322443603,322443596,322443597
python314Packages.asyncua,322443701,322443700,322443702
python314Packages.attrs-strict,322443762,322443760,322443759
python314Packages.autopxd2,322443895,322443893,322443892
python314Packages.base64io,322444726,322444724,322444723
python314Packages.bayespy,322444774,322444771,322444770
python314Packages.bezier,322444978,322444976,
python314Packages.bimmer-connected,323841702,323841704,323841701
python314Packages.biopandas,322445072,322445070,322445069
python314Packages.bitcoinrpc,322445102,322445099,322445100
python314Packages.boiboite-opener-framework,322445304,322445299,
python314Packages.borb,322445365,322445364,322445363
python314Packages.bork,322445373,322445369,322445367
python314Packages.bpython,322445422,322445423,
python314Packages.braintree,322445441,322445439,322445438
python314Packages.brian2,322445477,322445475,322445474
python314Packages.bson,322445537,322445534,322445533
python314Packages.btrsync,323051791,323051792,
python314Packages.bubop,322445572,322445570,322445571
python314Packages.bx-py-utils,322445646,322445640,322445642
python314Packages.canopen,,,322445758
python314Packages.celery-types,322445894,322445893,322445891
python314Packages.cement,322445897,322445899,
python314Packages.censys,322445905,322445904,322445903
python314Packages.cert-chain-resolver,322445913,322445912,
python314Packages.certbot-nginx,322445942,322445940,322445970
python314Packages.chipwhisperer,322446115,322446116,322446114
python314Packages.cinemagoer,322446149,322446142,322446141
python314Packages.circus,322446153,322446154,322446161
python314Packages.cirq-core,322446163,322446165,322446164
python314Packages.class-doc,322446221,322446217,322446216
python314Packages.clickhouse-cityhash,322446350,322446348,322446347
python314Packages.clickhouse-connect,322446356,322446359,322446360
python314Packages.cloudevents,324370233,,323123738
python314Packages.cocotb,324370234,,
python314Packages.cometx,324001710,324001711,324001709
python314Packages.conda-libmamba-solver,322446872,322446842,322446846
python314Packages.confection,322446879,322446874,322446877
python314Packages.connect-box,322446923,322446922,322446920
python314Packages.control,,,322446998
python314Packages.coq-tools,322447050,322447046,322447047
python314Packages.cornice,322447081,322447077,322447075
python314Packages.crochet,,,322447193
python314Packages.cx-freeze,322447443,322447439,
python314Packages.dashscope,322447602,322447601,322447598
python314Packages.dask-gateway-server,322447613,322447611,322447609
python314Packages.dask-gateway,322447607,322447606,322447610
python314Packages.dask-ml,322447628,322447626,322447624
python314Packages.dask-mpi,324031925,324031924,322447631
python314Packages.dataclass-factory,322447662,322447660,322447659
python314Packages.datashape,322447748,322447746,322447744
python314Packages.dazl,322447795,322447792,322447791
python314Packages.dbt-common,323791078,323791077,323791085
python314Packages.dbt-semantic-interfaces,322447842,322447843,322447840
python314Packages.dbus-fast,,,322447857
python314Packages.deal-solver,322541440,322541442,322541437
python314Packages.dedupe-pylbfgs,322447964,322447963,322447961
python314Packages.deepwave,324370286,,
python314Packages.deid,,,322448049
python314Packages.devolo-plc-api,322448179,322448189,322448205
python314Packages.diceware,322448200,322448196,322448195
python314Packages.dicomweb-client,,,322448206
python314Packages.diofant,322448280,322448281,322448279
python314Packages.disnake,322448612,322448337,322448338
python314Packages.django-cacheops,323011930,323011929,323011936
python314Packages.django-cryptography,322448675,322448670,322448669
python314Packages.django-ninja-cursor-pagination,322448869,322448870,322448871
python314Packages.django-postgres-extra,,,323106580
python314Packages.django-scheduler,322449011,322449013,322449012
python314Packages.django-silk,322449046,322449041,322449040
python314Packages.djangorestframework-stubs,322982694,322982691,322982693
python314Packages.docplex,322449342,322449343,322449341
python314Packages.docstr-coverage,322449348,322449351,322449350
python314Packages.donut-shellcode,322449422,322449421,322449420
python314Packages.draccus,322449494,322449489,322449488
python314Packages.dramatiq-abort,322449515,322449510,322449518
python314Packages.ds-store,322449613,322449609,322449610
python314Packages.dscribe,322449624,322449632,322450106
python314Packages.duct-py,322449667,322449665,322449664
python314Packages.elastic-apm,324370337,,323123766
python314Packages.eliot,322450097,322450034,322450023
python314Packages.epitran,322450223,322450222,324052642
python314Packages.es-client,322450241,322450240,322450233
python314Packages.escapism,322450238,322450236,322450234
python314Packages.esig,322450254,322450246,322450242
python314Packages.etelemetry,,,322450300
python314Packages.exiv2,323098574,323098573,323098575
python314Packages.faraday-agent-parameters-types,322450623,322450621,322450631
python314Packages.fastremap,322450786,322450783,322450784
python314Packages.filebytes,322450916,322450914,322450913
python314Packages.filterpy,,,322450944
python314Packages.finvizfinance,322450985,322450983,
python314Packages.flake8-future-import,322451101,322451094,322451095
python314Packages.flask-restx,,,322451267
python314Packages.freud,322451651,322451648,322451649
python314Packages.func-timeout,,,322451715
python314Packages.git-dummy,,,322452188
python314Packages.glean-sdk,322452280,322452282,
python314Packages.graph-tool,,,323065693
python314Packages.graphite-web,323012063,323012062,323012075
python314Packages.hakuin,322453200,322453204,322453154
python314Packages.halide,324370466,,
python314Packages.harlequin-postgres,323106676,323106673,323106670
python314Packages.hdbscan,322453304,322453301,322453302
python314Packages.hdf5plugin,323791129,,
python314Packages.hebg,323841807,323841806,323841809
python314Packages.hepunits,322453366,322453364,322453363
python314Packages.hg-git,324001740,324001739,324001737
python314Packages.hmmlearn,,322453517,322453516
python314Packages.hologram,322453544,322453541,322453542
python314Packages.homepluscontrol,322453574,322453572,322453573
python314Packages.howdoi,322453608,322453597,
python314Packages.httpie,323865862,323865870,323865887
python314Packages.hyper-connections,324370561,,323074609
python314Packages.hypercorn,,,322453874
python314Packages.ibmiotf,322453962,322453960,322453959
python314Packages.ics,322454011,322454009,322454008
python314Packages.imbalanced-learn,322454158,322454162,322454156
python314Packages.importmagic,322454217,322454218,322454220
python314Packages.inject,322454308,322454305,322454304
python314Packages.intensity-normalization,322454397,322454392,322454391
python314Packages.invocations,322454435,322454430,322454439
python314Packages.ipv8-rust-tunnels,322454522,322454515,322454516
python314Packages.ipycanvas,324370525,324370522,
python314Packages.irc,322454612,322454608,322454605
python314Packages.iterfzf,,,323087703
python314Packages.jaxopt,324370532,,322832709
python314Packages.jeepney,,,322454880
python314Packages.jenkinsapi,322454902,322454899,322454898
python314Packages.jfx-bridge,322454908,322454903,322454904
python314Packages.johnnycanencrypt,322454985,322454983,322454987
python314Packages.jupyterlab-execute-time,323074687,323074682,323074681
python314Packages.jupyterlab-git,323074686,323074683,323074665
python314Packages.kalshi-python,322455482,322455478,322455477
python314Packages.kanidm,323923144,323923149,323923142
python314Packages.kde-material-you-colors,322455525,322455519,322455520
python314Packages.kopf,323924659,323924666,323924657
python314Packages.kserve-storage,,,324104023
python314Packages.labelbox,322455759,322455756,322456672
python314Packages.labgrid,322455764,322455770,
python314Packages.latexify-py,322455982,322455979,322455978
python314Packages.leanblueprint,322456095,322456089,322456092
python314Packages.leb128,322456097,322456096,322456094
python314Packages.libarcus,322456180,322456177,
python314Packages.libvirt,,,323326932
python314Packages.lightgbm,322456438,322456436,
python314Packages.line-profiler,322456492,322456490,322456489
python314Packages.linearmodels,323106795,323106799,323106801
python314Packages.llama-cloud,322456609,322456607,322456606
python314Packages.llamaindex-py-client,322456634,322456630,322456629
python314Packages.locust-cloud,,323012199,
python314Packages.logical-unification,322456908,322456912,322456916
python314Packages.logilab-common,322456898,322456900,322456897
python314Packages.logurich,322456918,322456920,322456929
python314Packages.looptime,,,322456947
python314Packages.lox,322456992,322456987,322456983
python314Packages.magika,324175711,324175710,
python314Packages.mahotas,322457169,,322457158
python314Packages.malduck,322457215,322457200,322457206
python314Packages.mat2,323048323,323048329,323048324
python314Packages.mcdreforged,322457465,322457464,322457466
python314Packages.md-toc,322457488,322457486,322457487
python314Packages.mdtraj,324370763,,
python314Packages.meraki,322457651,322457646,322457642
python314Packages.migen,322457845,322457840,322457843
python314Packages.mim-solvers,324401427,,
python314Packages.minisbd,,324175719,
python314Packages.mkdocs-simple-blog,322458138,322458133,322458132
python314Packages.mlrose,322458178,322458177,322458174
python314Packages.mlt,,,324132540
python314Packages.mlxtend,322458196,322458193,322458192
python314Packages.mockfs,322458265,322458262,322458261
python314Packages.momepy,324132544,324132549,324132543
python314Packages.monkeytype,322458370,322458369,322458373
python314Packages.monosat,322458412,322458417,322458377
python314Packages.motionblindsble,324370804,324370806,
python314Packages.mpv,324195061,,
python314Packages.mqtt2influxdb,322458553,322458543,
python314Packages.mrsqm,322458549,322458548,322458547
python314Packages.msprime,322458631,322458616,322458615
python314Packages.multiscale-spatial-image,324370816,324370817,
python314Packages.napari-console,322460306,322460350,322460345
python314Packages.nbconflux,322460369,322460368,322460364
python314Packages.nbsphinx,322460398,322460394,322460392
python314Packages.neo,322460457,322460456,322460455
python314Packages.nglview,323074744,323074742,323074769
python314Packages.niaaml,322460654,322460652,322460653
python314Packages.nidaqmx,322460690,322460687,322460688
python314Packages.nikola,323074746,323074764,323074770
python314Packages.nitime,322460740,322460738,
python314Packages.nodriver,323287798,323287796,323287799
python314Packages.nuclear,322460975,322460970,322460971
python314Packages.nuitka,322460979,322460977,
python314Packages.numpy-typing-compat,322461041,322461036,322461037
python314Packages.nutils,322461064,322461063,322461075
python314Packages.oca-port,322461146,322461143,322461142
python314Packages.odc-loader,324370896,324370870,
python314Packages.oletools,322461243,322461240,322461248
python314Packages.openbabel,,322461468,
python314Packages.opencc,322461479,322461475,
python314Packages.openfga-sdk,322461522,322461520,322461519
python314Packages.opensfm,322461570,322461565,
python314Packages.opentelemetry-instrumentation-httpx,322461660,322461655,322461653
python314Packages.opentelemetry-instrumentation-system-metrics,,,323977445
python314Packages.opentelemetry-instrumentation-urllib3,322461682,322461676,322461679
python314Packages.opytimark,322461788,,
python314Packages.oscpy,322461873,322461871,322461870
python314Packages.overpy,,,322462006
python314Packages.pandera,324370919,,324132623
python314Packages.para,322462182,322462177,
python314Packages.pdbfixer,322462441,322462440,
python314Packages.pglive,322462741,322462706,322462753
python314Packages.pgsanity,323106990,323106982,323106984
python314Packages.phart,322462736,322462733,322462734
python314Packages.pijuice,322462860,322462877,
python314Packages.pilight,,,322462862
python314Packages.pint-xarray,322462925,322462919,322462931
python314Packages.pip-api,322462928,322462929,322462926
python314Packages.plum-py,322463176,322463175,322463174
python314Packages.plux,322463190,322463192,322463187
python314Packages.podcats,322463252,322463250,322463251
python314Packages.pot,322463371,322463368,322463369
python314Packages.praw,322463449,322463452,322463445
python314Packages.primer3,322463519,322463518,322463530
python314Packages.prometheus-flask-exporter,322463599,322463600,322463598
python314Packages.propka,322463637,322463636,322463635
python314Packages.protobuf4,322463661,322463669,322463659
python314Packages.proton-client,322463683,322463674,
python314Packages.proton-core,,,322463680
python314Packages.psycopg2cffi,323107026,323107020,
python314Packages.pulumi,322463824,322463825,322463827
python314Packages.pvlib,322463887,322463884,322463882
python314Packages.pyads,322464180,322464177,322464176
python314Packages.pyamg,322464231,322464224,322464226
python314Packages.pyathena,322464324,322464320,322464323
python314Packages.pycangjie,322464466,322464470,322464464
python314Packages.pycapnp,324132659,324132654,324132657
python314Packages.pycddl,322464501,322464505,322464497
python314Packages.pycec,322464529,322464521,322464513
python314Packages.pycm,322464551,322464558,322464556
python314Packages.pycoin,,,322464576
python314Packages.pycyphal,322464718,322464726,322464745
python314Packages.pyeclib,,,322464927
python314Packages.pygitguardian,322465257,322465258,322465256
python314Packages.pygsl,322465340,322465342,
python314Packages.pyitachip2ir,,,322465555
python314Packages.pykdtree,,322465620,
python314Packages.pylette,322465735,322465729,322465730
python314Packages.pylibjpeg-rle,,,322465771
python314Packages.pylint-django,322465802,322465855,322465817
python314Packages.pylsl,,,322465864
python314Packages.pymilvus,,,323041264
python314Packages.pynest2d,322466196,322466192,
python314Packages.pynetdicom,,,322466189
python314Packages.pyomo,322466360,322466357,322466363
python314Packages.pyopen-wakeword,,322466361,
python314Packages.pyquaternion,322466757,322466752,322466750
python314Packages.pyreaderwriterlock,322466839,322466836,322466840
python314Packages.pyrogram,323083286,323083287,323083285
python314Packages.pyscf,323048501,,322466989
python314Packages.pysdl3,,,322467020
python314Packages.pyshark,323048503,323048502,323012474
python314Packages.pyside6-qtads,322467163,322467139,322467114
python314Packages.pysilero-vad,,,322467150
python314Packages.pyslurm,324032059,324032063,
python314Packages.pysnooper,,,322467263
python314Packages.pystardict,322467391,322467394,322467397
python314Packages.pytask,322467483,322467470,322467473
python314Packages.pytelegrambotapi,,,322467484
python314Packages.pytenable,322467492,322467496,322467491
python314Packages.pytest-asyncio-cooperative,322467542,322467541,322467540
python314Packages.pytest-flake8,322467683,322467681,322467684
python314Packages.pytest-flask,322467699,322467694,
python314Packages.pytest-md-report,322467818,322467848,322467795
python314Packages.pytest-notebook,323074802,323074801,323074803
python314Packages.pytest-pylint,322467877,322467876,322467878
python314Packages.python-datemath,322468250,322468248,322468246
python314Packages.python-djvulibre,,,322468277
python314Packages.python-etcd,323051849,,
python314Packages.python-fx,322468363,322468361,322468360
python314Packages.python-idzip,322468437,322468438,322468436
python314Packages.python-ldap,322468501,322468499,322468498
python314Packages.python-picnic-api2,323923221,323923226,323923214
python314Packages.python-prctl,,322468755,
python314Packages.python-redis-lock,323012484,323012483,323012506
python314Packages.python-tds,322468868,322468870,322468867
python314Packages.python-troveclient,324151996,324152007,
python314Packages.pytorch-pfn-extras,324371093,,
python314Packages.pyttsx3,,,322469201
python314Packages.pywbem,322469416,,
python314Packages.pywebcopy,322469426,322469423,322469422
python314Packages.pywebview,,,322469460
python314Packages.pywinbox,,,322469453
python314Packages.qcs-api-client-common,322469600,322469596,322469597
python314Packages.qutip,324371124,,
python314Packages.raylib-python-cffi,,,323844988
python314Packages.rds2py,,,322469967
python314Packages.replicate,322470221,322470217,322470216
python314Packages.requirements-detector,322470349,322470346,322470348
python314Packages.rnginline,322470622,322470619,322470617
python314Packages.rtfunicode,322470877,322470876,322470874
python314Packages.rtoml,322470892,322470888,322470890
python314Packages.rubymarshal,322470921,322470919,322470918
python314Packages.ruffus,322470932,322470931,
python314Packages.salmon-mail,322471053,322471051,322471050
python314Packages.scalar-fastapi,322471149,322471145,322471146
python314Packages.schedula,322471164,322471163,
python314Packages.schema-salad,322471186,322471181,322471182
python314Packages.scikit-rf,322471255,322471250,322471254
python314Packages.scikits-odes-daepack,322471279,322471274,
python314Packages.scikits-odes,,,322471266
python314Packages.scrapy,322471363,,
python314Packages.sdds,322471379,322471377,322471381
python314Packages.seekpath,322471460,322471458,322471457
python314Packages.segyio,322471464,322471462,322471461
python314Packages.shiv,322471759,322471756,
python314Packages.simple-salesforce,322471876,322471883,322471887
python314Packages.sipyco,322471998,322471995,322471994
python314Packages.skytemple-files,324371237,324371247,
python314Packages.slh-dsa,322472103,322472101,322472099
python314Packages.snitun,322472281,322472280,
python314Packages.snowflake-connector-python,322472291,322472288,322472287
python314Packages.solidpython2,322472390,322472388,322472389
python314Packages.sourmash,322472453,322472449,322472455
python314Packages.spatialmath-python,322472500,322472497,322472496
python314Packages.spherogram,322472563,322472554,
python314Packages.sphinx-book-theme,322472598,322472596,322472599
python314Packages.sphinx-last-updated-by-git,322472650,322472647,322472646
python314Packages.sphinxcontrib-bibtex,322472778,322472773,322472772
python314Packages.sphinxext-rediraffe,322472908,322472907,322472906
python314Packages.spyder-kernels,322472954,322472952,322473050
python314Packages.sqlalchemy-continuum,322472990,322472987,322472986
python314Packages.sqlalchemy-utc,322473012,322473008,322473006
python314Packages.sqlalchemy_1_4,322473018,322473017,322473016
python314Packages.sseclient-py,322473149,322473148,322473144
python314Packages.stumpy,322473560,,322473553
python314Packages.symfc,322473782,322473784,322473776
python314Packages.taskw-ng,322473955,322473952,322473946
python314Packages.tbats,322473974,322473976,322473972
python314Packages.tess,322474189,322474186,322474187
python314Packages.threat9-test-bed,322474391,322474384,322474394
python314Packages.tinyio,322474543,322474539,322474537
python314Packages.trectools,322474932,322474930,322474929
python314Packages.tritonclient,322476152,322476155,
python314Packages.tsplib95,322476195,322476197,322476196
python314Packages.tstr,324417935,324417934,
python314Packages.tt-flash,324002024,324002019,324002020
python314Packages.typed-argparse,322476382,322476384,322476383
python314Packages.types-lxml,322476512,322476532,322476525
python314Packages.typesense,322476627,322476631,322476628
python314Packages.uqbar,322476972,322476971,322476969
python314Packages.utitools,,,322477088
python314Packages.victron-mqtt,323997527,323997520,323997525
python314Packages.viser,324371410,324371424,
python314Packages.vowpalwabbit,,,322477444
python314Packages.warp-lang,322477586,322477588,322477632
python314Packages.webrtc-noise-gain,322477746,322477745,
python314Packages.ws4py,,,322478058
qcm,324175856,324175855,
qemu-python-utils,,,323124037
qgo,,,322479103
qgrep,,,322479107
qmic,,,322479173
qosmic,,,322479221
qradiolink,323312758,323312763,
qrq,322479291,322479289,322479288
qt6Packages.maplibre-native-qt,322479708,322479706,
qt6Packages.mlt,,,324132860
qt6Packages.sierra-breeze-enhanced,324432342,324432341,
qt6Packages.waylib,323842365,323842361,
qt6Packages.wayqt,322479974,322479970,
qtpass,,,322480002
qtwebapp,,,322480018
quasselDaemon,,,322480078
quast,322480085,322480084,322480083
quaternion,,,323860059
qvge,,,322480209
rabbit-ng,,324175869,
racket-minimal,,,323986264
radicle-node-unstable,324417962,,
radicle-node,324417958,,
ragnarwm,322480396,322480395,
rappel,,322480533,
raspa,322480560,322480564,
raxml-mpi,324032140,,
raxml,322480648,,
rc,322480701,322480696,
rdpgw,,,322480780
reaper-sws-extension,,,322480912
redo-apenwarr,,,322481069
redstore,322481105,322481104,
remarkable-toolchain,322481266,,
remarkable2-toolchain,322481267,,
remodel,322481305,322481302,322481301
repak,,322481371,322481369
replibyte,,,322481396
reprepro,,,322481426
reproxy,323124074,323124077,
reredirect,322481452,,
rescrobbled,,,323924940
retdec,322481564,,
rethinkdb,,,322481566
retrofe,323065828,323065841,
retroshare,324371537,324371535,
rhvoice,322481706,322481705,322481709
ringing-lib,322481819,322481816,
ristate,,,322481894
river-filtile,,,322481916
river-tag-overlay,322481923,322481920,
rkdeveloptool-pine64,,,322481960
rlottie,,,322482001
rnnoise-plugin,,,322482089
robotframework-tidy,323842396,323842394,323842397
ronin,322482604,322482601,322482610
rosie,,,322482534
roswell,322482552,322482549,
rott,322482565,322482558,
rp,,322482641,
rpm-ostree,322482711,322482700,
rrootage,322482748,322482734,
rsop,,,322482794
rtl_fm_streamer,322482931,322482929,
rubyPackages.gtk3,322483574,322483600,
rubyPackages_3_3.gtk3,322485280,322485283,
rubyPackages_3_4.gtk3,322487027,322486990,
rubyPackages_4_0.gtk3,322488646,322488616,
runit,322489833,322489830,
rvvm,,,322490089
rx,322490112,,
sagittarius-scheme,322490359,322490357,
salmon,323791272,323791271,323791273
samba,,,322490415
samba4,,,322490421
samba4Full,,,322490425
sambaFull,,,322490424
sambamba,322490436,,
sawfish,,,323288050
sayonara,322490637,322490632,
sbclPackages.cl-gtk2-glib,,322490942,322490941
sbclPackages.cl-notify,,,322491014
sbclPackages.enchant,322491276,322491277,322491280
sbclPackages.qt-libs,322491686,322491687,322491682
sc68,322491954,322491953,
schildi-revenge,,324032263,
schroot,322492146,322492147,
scion-apps,322492167,322492165,322492159
scsh,322492361,322492362,
sct,,322492368,
sdrangel,,,323312850
semgrep,,,323842438
sequoia-wot,,,322492781
serious-sam-classic-vulkan,322492814,322492813,
sfcgal,322492928,322492924,322492923
sftool-gui,324104370,324104371,
sgfutils,,,323327222
sgx-azure-dcap-client,322492992,,
sgx-psw,322492996,,
sgx-sdk,322493000,,
shark,322493112,322493110,322493105
shiv,322493267,322493266,
shpool,,,323986301
shrinkray,324053000,324053002,
siege,322493415,322493413,
sieve-editor-gui,323296609,323296610,322983053
siketyan-ghr,322493532,322493529,322493530
simbaplusplus,322493585,322493583,
skypilot,324401599,324401597,
slsnif,322494178,322494176,
snapraid,,,322494443
sndpeek,322494469,322494468,
snouty,324371620,,
snpeff,,,322494580
softether,322494712,322494715,
sonic-lineup,324132930,324132927,
sortmerna,322494897,,
soundtracker,322494954,322494952,
spades,322495072,322495069,
speech-tools,322495201,322495198,322495196
speedscope,322495223,322495224,
spglib,,,322495249
spire-agent,,323327274,
spire-server,,323327276,
spire,,323327275,
splint,322495427,322495421,
spnavcfg,,,322495430
spoofdpi,,,322495438
spooftooph,322495446,322495445,
spoolman,323312914,323312918,
sqsh,322495703,322495697,
squishyball,322495725,322495730,
srelay,322495764,,
srsran,323312913,323312912,
ssh-agent-switcher,322495830,322495827,
ssimulacra2,322495957,322495954,322495952
sss_code,322496013,322496017,
stacktile,322496070,322496069,
stargate-libcds,,322496145,322496146
stellar-core,322496353,322496359,
stoat-desktop,,,324104457
stoolap,324374227,324374232,
storrent,322496485,322496484,
stratisd,322496511,,
strobealign,322496582,322496581,
substudy,322496759,,
supermodel,322496929,322496928,
supersonic,,,323997612
surelog,,,324132951
surge,322496968,,
swagger-cli,322497126,322497129,322497124
sweethome3d.application,,,323842496
swiftshader,322497361,322497360,
sylpheed,322497435,322497433,
syncthingtray,324176063,,323997621
syzkaller,,,322497683
tacacsplus,322497752,322497751,
taisei,,,323065910
talkfilters,,,322497907
tandoor-recipes,,324156496,
tartan,322498031,322498030,
task-master-ai,322498052,322498050,322498049
tau-hydrogen,322498121,322498123,322498118
tclPackages.rl_json,322498226,322498227,
tclPackages.vectcl,323098733,323098729,
tclint,322498514,322498522,322498507
tdns-cli,322498383,322498385,322498381
tecoc,322498424,322498422,
tengine,322498659,322498657,322498663
teos-watchtower-plugin,,,322498681
terraform-providers.cloudflare_cloudflare,,,323791307
testdisk-qt,,,322499631
tests.auto-patchelf-structured-log,,324136286,
tests.build-environment-info,322499966,322499964,322499975
tests.cc-multilib-clang,322500120,,
tests.cc-wrapper.default,,,322500122
tests.cc-wrapper.gccTests.gccMultiStdenv,322500239,,
tests.cc-wrapper.llvmTests.llvmPackages.clang,,,322500144
tests.cc-wrapper.llvmTests.llvmPackages_18.clang,,,322500154
tests.cc-wrapper.llvmTests.llvmPackages_18.libcxx,,,322500161
tests.cc-wrapper.llvmTests.llvmPackages_19.clang,,,322500162
tests.cc-wrapper.llvmTests.llvmPackages_19.libcxx,,,322500168
tests.cc-wrapper.llvmTests.llvmPackages_20.clang,,,322500166
tests.cc-wrapper.llvmTests.llvmPackages_21.clang,,,322500175
tests.fetchpatch2.hunks,323327471,323327469,323327473
tests.hardeningFlags-gcc.fortify3ExplicitEnabledExecTest,,,322500990
tests.hardeningFlags-gcc.sfa1explicitEnabledExecTest,,,322501058
tests.hardeningFlags-gcc.sfa3StdenvUnsuppDoesntUnsuppSfa1ExecTest,,,322501077
tests.hardeningFlags-gcc.sfa3explicitDisabledDoesntDisableSfa1ExecTest,,,322501073
tests.hardeningFlags-gcc.sfa3explicitEnabledProtectsDefLen1ExecTest,,,322501092
tests.home-assistant-component-tests.backblaze_b2,324371846,324371884,
tests.home-assistant-component-tests.bang_olufsen,324371842,324371852,
tests.home-assistant-component-tests.bluetooth,324371866,,
tests.home-assistant-component-tests.cloud,324371943,,
tests.home-assistant-component-tests.comelit,324371944,324371927,
tests.home-assistant-component-tests.demo,324371990,324371976,
tests.home-assistant-component-tests.dsmr,324372048,,
tests.home-assistant-component-tests.emulated_kasa,324372099,324372102,
tests.home-assistant-component-tests.google_generative_ai_conversation,324372295,,
tests.home-assistant-component-tests.growatt_server,324372352,324372340,
tests.home-assistant-component-tests.hdmi_cec,324372354,324372363,
tests.home-assistant-component-tests.homee,324372391,,
tests.home-assistant-component-tests.hydrawise,324372447,324372426,
tests.home-assistant-component-tests.image_processing,324372448,324372446,
tests.home-assistant-component-tests.izone,324372538,324372525,
tests.home-assistant-component-tests.kitchen_sink,324372555,324372552,
tests.home-assistant-component-tests.knx,324372568,,
tests.home-assistant-component-tests.litejet,324372613,324372618,
tests.home-assistant-component-tests.local_file,324372636,324372622,
tests.home-assistant-component-tests.mcp_server,324372682,,
tests.home-assistant-component-tests.media_player,324372705,324372708,
tests.home-assistant-component-tests.mqtt,324372782,324372792,
tests.home-assistant-component-tests.numato,324372887,324372899,
tests.home-assistant-component-tests.openai_conversation,324372944,,
tests.home-assistant-component-tests.otbr,324418046,324418047,
tests.home-assistant-component-tests.ping,324373009,,
tests.home-assistant-component-tests.plex,324373030,,
tests.home-assistant-component-tests.pterodactyl,324373078,324373072,
tests.home-assistant-component-tests.recorder,324373115,324373135,
tests.home-assistant-component-tests.rflink,324373153,,
tests.home-assistant-component-tests.rfxtrx,324373148,324373149,
tests.home-assistant-component-tests.sensor,324373229,,
tests.home-assistant-component-tests.shelly,324373256,324373242,
tests.home-assistant-component-tests.sonos,324373327,324373336,
tests.home-assistant-component-tests.stream,324373375,,
tests.home-assistant-component-tests.switch,324373392,324373378,
tests.home-assistant-component-tests.switch_as_x,324373398,324373391,
tests.home-assistant-component-tests.synology_dsm,324373395,324373394,
tests.home-assistant-component-tests.systemmonitor,324373445,324373407,
tests.home-assistant-component-tests.telegram_bot,324373429,324373462,
tests.home-assistant-component-tests.template,324373441,324373438,
tests.home-assistant-component-tests.tplink,324373493,324373530,
tests.home-assistant-component-tests.twinkly,324373535,324373583,
tests.home-assistant-component-tests.unifi,324373541,,
tests.home-assistant-component-tests.update,324373555,324373576,
tests.home-assistant-component-tests.valve,324373589,324373581,
tests.home-assistant-component-tests.wake_on_lan,324373626,324373618,
tests.home-assistant-component-tests.watts,324373709,324373631,
tests.home-assistant-component-tests.wemo,324373667,324373699,
tests.home-assistant-component-tests.withings,324373718,,
tests.testers.hasCmakeConfigModules.eigen-does-not-have-eigen,,,322504587
teyjus,,,322973470
thc-secure-delete,322505503,322505501,
tilem,322505753,322505751,
tinyfugue,322505948,322505946,
tkgl,,,322506065
tla,322506090,322506088,
tlf,323313049,323313050,
tlsclient,322506146,322506144,
tm,322506166,322506165,
tonearm,,,323860218
topydo,322506720,322506718,322506717
tpm2-tss,,,322506837
traefik,,,323791338
translatelocally,322506948,322507007,
transmission-rss,,,322507073
transmission_4-qt,,,323977696
transmission_4-qt5,,,323977697
trunk-recorder,,,323313065
ts-warp,,,322508481
tsduck,,,322508510
tt-smi,324195561,324195563,
ttfautohint,,,322508614
tunnelgraf,322508840,322508845,322508841
tuxclocker-plugins,322508862,322508861,
typical,322509067,322509065,322509064
u2ps,322509152,322509150,
ucblogo,324104645,324104647,
ucode,,,322527155
uhexen2,322527369,322527360,
uif2iso,322527385,322527381,
ulfius,,,322527411
unblob,324181583,324181585,
unity-test,,,322527701
unixbench,322528312,322527729,
unshieldv3,,,322527873
upsies,323997692,323997690,323997691
urn-timer,,,322528094
urweb,322528112,322528108,322528110
uucp,322528276,322528274,
uxn11,,,322528373
valhalla,324133153,324133152,
vangers,322528511,322528510,322528509
vapoursynth-eedi3,322528547,,
vapoursynth-nnedi3,,322528557,322528553
vapoursynth-nnedi3cl,322528555,,
vapoursynth-znedi3,322528556,322528558,
varnish,,,322528565
varnish60,322528572,322528569,322528570
varnish60Packages.varnish,322528588,322528589,322528585
varnish77,,,322528596
varnish77Packages.varnish,,,322528595
varnishPackages.varnish,,,322528609
vault-tasks,322528633,322528628,322528630
vc4-newlib,,,322528680
vcdimager,,,322528698
vertcoin,322528937,322528936,
vertcoind,322528938,322528935,
vesta,,,322528949
vgm2x,322528968,322528966,322528967
vhd2vl,324373814,324373813,
vikunja-desktop,,,324104695
vimPlugins.cord-nvim,,,323327869
vitess,,,323791357
vixl,,,322531045
vkmark,322531073,322531075,
vodozemac-bindings-cpp,,,323019966
vorbisgain,,,322531203
vouch-proxy,,322531210,
vowpal-wabbit,322531215,322531213,322531212
wasmer,322533524,,
wayv,322533730,322533729,
wcc,322533762,322533763,
wdfs,322533781,322533777,
wdt,323977810,,
webos.novacomd,322533885,322533882,
welle-io,,,323313128
whatsapp-chat-exporter,322534133,322534145,322534132
wiiload,322534258,322534256,
wiiuse,,,322534261
wily,322534303,322534301,
wimboot,322534304,,
windowtolayer,,,322534330
wireshark,,,323013055
wml,322534616,322534623,
world-wall-clock,322534986,322534993,322534984
wownero,,,323020005
wrtag,,,322535094
wxc,,,322535236
x11basic,322535486,322535259,
x2x,322535301,322535300,
xbindkeys-config,322535407,322535410,
xcbuild,322535462,322535460,
xclock,,,322535499
xcodebuild,322535508,322535505,
xdriinfo,,,322535656
xephem,322535713,322535711,322535712
xeus-cling,323048938,323048937,
xf86-input-cmt,322535745,322535748,
xfstests,323733374,323733375,
xhosts,,,322535976
xine-ui,324002168,324002167,
xloadimage,322536115,322536114,
xlog,323313153,323313152,
xmagnify,322536155,322536154,
xmoto,,,323065994
xob,,,322536315
xonotic-dedicated-unwrapped,,,322536320
xonotic-sdl-unwrapped,,,322536327
xrizer,,322536483,
xskat,322536539,322536536,
xsnow,,322536543,322536546
xsokoban,322536555,322536554,
xstow,,,322536573
xtreemfs,323842764,323842765,
xyce-parallel,324152507,,
xyce,324152500,,
yasr,322536957,322536958,
yaup,322536970,322536968,
yersinia,322537208,322537207,
ytalk,322537385,322537383,
zcash,322537738,322537736,
zee,,,322537754
zf,,,322537884
zgv,322537931,322537933,
zig-zlint,,,322537943
zigfetch,,,322537977
zug,,,322538494
zxtune,322538580,322538581,
